revenue,customer_count,active_sellers,avg_spend_per_customer,gmv_per_active_seller
134.97,1,1,134.97,134.97
2443.57,19,16,128.60894736842107,152.723125
1622.05,10,8,162.20499999999998,202.75625
17515.56,108,69,162.18111111111114,253.84869565217394
10559.8,57,47,185.259649122807,224.67659574468084
5670.21,26,22,218.085,257.7368181818182
1738.35,10,7,173.83499999999998,248.33571428571426
6517.07,44,40,148.11522727272725,162.92675
2615.15,28,25,93.39821428571429,104.60600000000001
358.6,5,5,71.72,71.72
599.69,3,3,199.89666666666668,199.89666666666668
10.9,1,1,10.9,10.9
85.80000000000001,3,2,28.600000000000005,42.900000000000006
905.89,3,3,301.9633333333333,301.9633333333333
1663.0,33,6,50.39393939393939,277.1666666666667
458.69000000000005,4,3,114.67250000000001,152.89666666666668
776.79,4,4,194.1975,194.1975
969.4499999999999,6,5,161.575,193.89
2444.56,11,10,222.23272727272726,244.456
2339.1800000000003,14,11,167.08428571428573,212.6527272727273
2529.48,12,9,210.79,281.05333333333334
1326.89,17,11,78.05235294117648,120.62636363636365
1177.58,8,6,147.1975,196.26333333333332
2081.52,15,13,138.768,160.1169230769231
4032.84,35,25,115.224,161.3136
4753.68,33,28,144.0509090909091,169.77428571428572
3254.44,26,22,125.17076923076924,147.92909090909092
3323.15,25,20,132.92600000000002,166.1575
3023.6400000000003,26,21,116.29384615384616,143.98285714285717
3565.08,24,20,148.545,178.254
5657.62,31,27,182.50387096774193,209.54148148148147
6761.89,46,36,146.9976086956522,187.83027777777778
8638.57,62,48,139.33177419354837,179.97020833333332
9081.41,74,58,122.72175675675676,156.57603448275862
9442.92,47,40,200.9131914893617,236.073
10588.63,52,45,203.6275,235.30288888888887
4701.25,30,24,156.70833333333334,195.88541666666666
8451.74,39,30,216.71128205128204,281.7246666666667
12825.02,72,50,178.1252777777778,256.5004
9078.59,74,60,122.68364864864866,151.30983333333333
9148.93,67,50,136.55119402985076,182.9786
8501.38,60,43,141.68966666666665,197.70651162790696
17040.53,69,54,246.9642028985507,315.5653703703704
6161.7300000000005,56,43,110.03089285714286,143.2960465116279
7780.27,66,53,117.8828787878788,146.79754716981134
16363.63,123,82,133.03764227642276,199.55646341463412
10049.63,82,65,122.55646341463414,154.60969230769228
10969.89,89,71,123.25719101123595,154.50549295774647
12129.88,85,61,142.7044705882353,198.8504918032787
9818.91,53,44,185.26245283018866,223.15704545454545
12567.02,45,38,279.26711111111115,330.711052631579
8414.1,58,48,145.07068965517243,175.29375000000002
14083.05,81,67,173.8648148148148,210.19477611940297
9029.7,77,60,117.26883116883118,150.495
6882.54,58,52,118.6644827586207,132.35653846153846
6314.97,42,39,150.35642857142858,161.9223076923077
6652.73,54,40,123.1987037037037,166.31824999999998
4015.61,31,27,129.5358064516129,148.7262962962963
4711.68,41,39,114.9190243902439,120.8123076923077
4580.42,44,38,104.10045454545455,120.53736842105263
12008.43,71,60,169.13281690140846,200.1405
7126.39,50,45,142.5278,158.36422222222222
8467.78,73,58,115.99698630136987,145.99620689655174
4183.52,43,38,97.29116279069768,110.09263157894738
5570.900000000001,41,35,135.87560975609756,159.16857142857145
5129.86,38,36,134.99631578947367,142.4961111111111
10659.01,47,41,226.78744680851065,259.9758536585366
8098.82,62,51,130.62612903225806,158.80039215686273
12988.93,94,68,138.18010638297872,191.01367647058825
13656.9,89,66,153.44831460674158,206.92272727272726
12986.93,74,59,175.49905405405406,220.11745762711865
8030.68,65,53,123.54892307692307,151.5222641509434
9805.77,80,65,122.572125,150.858
12388.58,104,77,119.12096153846154,160.89064935064934
15418.94,88,74,175.21522727272728,208.36405405405407
14143.14,112,78,126.2780357142857,181.32230769230767
12682.07,91,72,139.36340659340658,176.13986111111112
10852.97,71,52,152.8587323943662,208.71096153846153
6612.16,64,53,103.315,124.7577358490566
16958.05,111,76,152.77522522522523,223.13223684210524
14243.66,99,72,143.87535353535353,197.82861111111112
14999.33,107,89,140.18065420560748,168.53179775280898
14034.78,102,77,137.59588235294117,182.26987012987013
11880.44,64,51,185.631875,232.94980392156864
16433.82,73,59,225.12082191780823,278.5393220338983
6649.34,56,38,118.73821428571429,174.98263157894738
17096.49,116,77,147.38353448275865,222.03233766233768
10541.49,83,66,127.00590361445784,159.71954545454545
11991.62,83,61,144.47734939759036,196.58393442622952
12377.57,80,68,154.719625,182.02308823529413
13839.52,97,72,142.67546391752578,192.21555555555557
9184.53,81,62,113.38925925925926,148.1375806451613
5871.59,63,53,93.19984126984127,110.78471698113208
10229.27,85,65,120.34435294117648,157.37338461538462
15332.77,117,88,131.04931623931625,174.23602272727274
11726.41,83,69,141.28204819277107,169.94797101449277
9841.58,87,73,113.1216091954023,134.81616438356164
9713.41,69,57,140.77405797101449,170.41070175438597
10281.710000000001,51,42,201.60215686274512,244.80261904761906
9557.98,54,47,176.99962962962962,203.36127659574467
13605.8,57,44,238.69824561403507,309.22272727272724
16225.01,126,87,128.76992063492062,186.49436781609197
17537.74,97,80,180.80144329896908,219.22175000000001
21188.83,95,72,223.0403157894737,294.2893055555556
18270.46,94,77,194.36659574468084,237.2787012987013
9275.59,71,59,130.64211267605634,157.21338983050848
6800.77,60,45,113.34616666666668,151.12822222222223
10533.67,70,56,150.481,188.10125
11509.64,97,74,118.65608247422679,155.53567567567566
7363.36,63,54,116.87873015873015,136.3585185185185
10712.18,74,64,144.7591891891892,167.3778125
8963.04,59,48,151.91593220338984,186.73000000000002
6874.14,44,40,156.23045454545456,171.8535
5546.35,43,41,128.98488372093024,135.2768292682927
5997.03,46,41,130.37021739130435,146.26902439024389
19125.95,87,66,219.83850574712645,289.78712121212124
15953.49,82,69,194.55475609756098,231.21
11598.99,93,72,124.72032258064516,161.09708333333333
8960.4,78,59,114.87692307692308,151.87118644067797
10249.86,70,59,146.42657142857144,173.7264406779661
7061.37,55,45,128.38854545454546,156.91933333333333
12220.23,91,73,134.28824175824175,167.4004109589041
19537.71,143,99,136.62734265734264,197.35060606060605
16877.52,118,89,143.0298305084746,189.6350561797753
11629.05,98,77,118.66377551020408,151.02662337662338
13588.58,105,83,129.4150476190476,163.7178313253012
12465.34,85,68,146.6510588235294,183.31382352941176
8126.9400000000005,59,52,137.7447457627119,156.2873076923077
10643.37,92,76,115.68880434782609,140.04434210526315
7239.68,46,40,157.38434782608695,180.99200000000002
23492.57,192,122,122.35713541666667,192.56204918032788
14962.48,110,88,136.02254545454545,170.02818181818182
14600.53,115,79,126.96113043478262,184.81683544303797
19397.52,127,101,152.7363779527559,192.05465346534655
15593.08,94,72,165.88382978723405,216.57055555555556
11809.8,101,71,116.92871287128712,166.33521126760562
14981.68,145,98,103.32193103448276,152.87428571428572
20445.13,106,81,192.87858490566038,252.40901234567903
21828.05,139,102,157.03633093525178,214.00049019607843
16770.63,113,90,148.41265486725663,186.34033333333335
12267.76,91,72,134.81054945054944,170.38555555555556
12191.47,93,72,131.0910752688172,169.32597222222222
11228.11,102,88,110.07950980392157,127.59215909090909
21377.5,189,137,113.10846560846561,156.04014598540147
23391.82,140,104,167.08442857142856,224.92134615384614
20159.56,144,106,139.99694444444447,190.18452830188681
17026.24,141,98,120.75347517730498,173.73714285714289
13022.54,84,63,155.0302380952381,206.70698412698414
13647.06,105,72,129.972,189.5425
18942.82,133,88,142.42721804511277,215.25931818181817
25882.8,174,113,148.75172413793103,229.0513274336283
19341.64,124,87,155.98096774193547,222.3177011494253
15566.66,123,94,126.55821138211383,165.60276595744682
19898.58,106,81,187.7224528301887,245.6614814814815
10564.02,76,62,139.00026315789475,170.38741935483873
11367.050000000001,82,67,138.62256097560976,169.6574626865672
14700.7,124,88,118.55403225806452,167.0534090909091
14840.8,122,93,121.64590163934426,159.5784946236559
19986.24,128,98,156.1425,203.94122448979593
17885.02,123,86,145.40666666666667,207.96534883720932
20077.66,124,86,161.9166129032258,233.46116279069767
15218.85,118,84,128.97330508474576,181.17678571428573
11311.5,80,66,141.39375,171.38636363636363
14807.93,110,75,134.61754545454545,197.43906666666666
25581.04,162,113,157.90765432098766,226.3808849557522
12934.53,133,97,97.2521052631579,133.3456701030928
15622.85,120,90,130.19041666666666,173.58722222222224
17393.36,124,92,140.26903225806453,189.05826086956523
11278.26,90,72,125.31400000000001,156.6425
11721.12,93,72,126.03354838709679,162.79333333333335
10274.88,95,72,108.15663157894735,142.70666666666665
19557.53,157,102,124.57025477707006,191.7404901960784
13338.12,124,87,107.56548387096775,153.31172413793104
17509.54,115,90,152.2568695652174,194.55044444444445
11334.93,83,66,136.565421686747,171.74136363636364
14514.79,102,77,142.30186274509805,188.50376623376624
14942.57,81,59,184.47617283950618,253.26389830508475
17259.83,107,84,161.30682242990656,205.4741666666667
18040.21,131,80,137.71152671755723,225.502625
10327.75,67,53,154.1455223880597,194.86320754716982
8856.99,82,62,108.01207317073171,142.85467741935483
10566.4,91,74,116.11428571428571,142.7891891891892
6219.67,76,58,81.83776315789474,107.23568965517242
11921.14,80,60,149.01425,198.68566666666666
11879.48,66,58,179.99212121212122,204.81862068965518
25420.829999999998,160,108,158.88018749999998,235.37805555555553
14600.050000000001,121,82,120.6615702479339,178.04939024390245
14411.82,124,82,116.22435483870967,175.7539024390244
12469.93,89,77,140.11157303370786,161.94714285714286
11760.67,94,77,125.11351063829787,152.73597402597403
10815.56,84,65,128.75666666666666,166.39323076923077
12132.41,93,75,130.45602150537636,161.76546666666667
13564.94,107,73,126.77514018691589,185.82109589041096
21565.61,156,120,138.24108974358975,179.71341666666666
21809.83,157,106,138.91611464968153,205.7531132075472
15683.880000000001,130,79,120.64523076923078,198.53012658227848
15770.12,102,73,154.60901960784315,216.02904109589042
6986.04,75,61,93.1472,114.52524590163934
11680.83,107,83,109.1666355140187,140.73289156626507
20289.51,166,107,122.22596385542168,189.62158878504673
19786.65,156,112,126.8375,176.66651785714288
15740.66,133,88,118.35082706766917,178.87113636363637
19534.54,161,109,121.33254658385094,179.2159633027523
12925.65,117,76,110.47564102564102,170.07434210526316
11866.77,92,67,128.98663043478263,177.11597014925374
17513.75,129,85,135.765503875969,206.0441176470588
26691.71,209,126,127.71153110047847,211.83896825396826
20185.7,156,103,129.39551282051283,195.97766990291262
22171.45,155,100,143.0416129032258,221.71450000000002
13455.44,119,91,113.0709243697479,147.86197802197802
14091.66,104,75,135.49673076923077,187.8888
9026.91,76,62,118.77513157894737,145.59532258064516
15520.4,124,96,125.16451612903225,161.67083333333332
17961.96,185,121,97.09167567567567,148.44595041322313
16307.59,136,98,119.90875,166.40397959183673
17012.08,131,94,129.86320610687025,180.97957446808513
15408.44,130,100,118.52646153846155,154.08440000000002
19808.940000000002,127,96,155.97590551181105,206.34312500000001
10640.82,96,72,110.841875,147.78916666666666
15055.54,115,86,130.9177391304348,175.06441860465117
18826.99,128,99,147.085859375,190.17161616161619
23282.11,220,138,105.82777272727273,168.7109420289855
20249.89,151,111,134.10523178807946,182.43144144144145
17336.28,138,107,125.62521739130435,162.02130841121493
15609.84,139,97,112.3010071942446,160.92618556701032
12547.19,86,66,145.89755813953488,190.1089393939394
13294.3,109,85,121.96605504587156,156.4035294117647
26094.32,185,122,141.05037837837838,213.887868852459
17096.76,137,99,124.79386861313867,172.69454545454545
23617.8,157,108,150.43184713375797,218.68333333333334
17691.17,144,104,122.8553472222222,170.10740384615383
18782.99,122,95,153.95893442622952,197.71568421052632
8334.26,77,64,108.23714285714286,130.2228125
14232.64,119,84,119.60201680672269,169.43619047619046
24108.5,187,115,128.92245989304814,209.6391304347826
22459.7,184,132,122.06358695652175,170.14924242424243
21667.73,167,116,129.7468862275449,186.79077586206895
16300.64,158,110,103.1686075949367,148.18763636363636
19145.0,125,97,153.16,197.37113402061857
10709.61,84,69,127.49535714285715,155.21173913043478
17036.48,136,108,125.26823529411764,157.7451851851852
18647.95,166,123,112.33704819277109,151.60934959349595
16842.94,128,106,131.58546875,158.89566037735847
16251.9,120,96,135.4325,169.290625
16053.06,133,102,120.6996992481203,157.38294117647058
12450.25,106,80,117.45518867924528,155.628125
9634.5,85,72,113.34705882352941,133.8125
19778.12,132,102,149.8342424242424,193.90313725490196
29617.47,170,115,174.2204117647059,257.5432173913044
26707.74,164,115,162.85207317073173,232.24121739130436
28533.2,160,113,178.3325,252.5061946902655
26885.24,145,94,185.41544827586208,286.0131914893617
20052.7,117,94,171.3905982905983,213.32659574468087
20943.97,95,75,220.46284210526318,279.2529333333334
23527.81,125,83,188.22248000000002,283.4675903614458
24120.0,179,128,134.7486033519553,188.4375
28742.5,149,108,192.90268456375838,266.13425925925924
16958.27,123,89,137.8721138211382,190.5423595505618
14540.43,97,80,149.90134020618558,181.75537500000002
16036.49,126,94,127.27373015873016,170.6009574468085
13882.91,105,84,132.21819047619047,165.27273809523808
20931.53,153,120,136.80738562091503,174.42941666666667
25443.99,221,137,115.13117647058824,185.72255474452555
30727.12,210,145,146.31961904761906,211.9111724137931
26084.0,190,137,137.2842105263158,190.3941605839416
21126.88,157,120,134.56611464968154,176.05733333333333
19042.61,125,92,152.34088,206.98489130434783
18323.46,110,88,166.57690909090908,208.22113636363636
19301.96,129,97,149.6275968992248,198.98927835051546
30527.22,218,139,140.03311926605505,219.62028776978417
22048.2,152,107,145.05394736842106,206.05794392523364
22508.96,164,115,137.24975609756098,195.73008695652175
14772.19,134,98,110.24022388059701,150.73663265306124
13278.48,107,86,124.09794392523364,154.40093023255812
10118.25,90,63,112.425,160.60714285714286
14705.31,103,77,142.76999999999998,190.97805194805193
24334.78,211,139,115.33071090047393,175.0703597122302
22422.68,152,104,147.51763157894737,215.6026923076923
18631.39,135,101,138.0102962962963,184.4692079207921
20259.13,121,95,167.430826446281,213.25400000000002
14641.4,121,90,121.00330578512397,162.6822222222222
13390.64,94,70,142.45361702127659,191.29485714285713
33621.85,115,91,292.36391304347825,369.4708791208791
28521.11,214,143,133.27621495327102,199.4483216783217
23180.66,177,134,130.96418079096046,172.99
23780.24,145,99,164.0016551724138,240.20444444444445
20360.579999999998,135,106,150.81911111111108,192.0809433962264
17400.86,118,93,147.4649152542373,187.10602150537636
13869.65,100,83,138.6965,167.1042168674699
19370.74,137,97,141.39226277372265,199.69835051546394
32928.65,218,157,151.04885321100917,209.73662420382166
26298.2,174,121,151.13908045977013,217.3404958677686
21251.8,142,100,149.66056338028167,212.518
19882.6,129,94,154.12868217054262,211.51702127659573
18209.04,154,106,118.24051948051948,171.7833962264151
15158.63,94,72,161.26202127659573,210.53652777777776
22862.84,153,106,149.43032679738562,215.68716981132076
34411.1,217,152,158.57649769585254,226.38881578947368
30470.23,188,137,162.0756914893617,222.4104379562044
22913.47,170,122,134.78511764705883,187.81532786885248
21584.14,142,106,152.00098591549295,203.62396226415095
17285.36,134,95,128.99522388059702,181.95115789473684
17102.0,132,96,129.56060606060606,178.14583333333334
17967.21,126,89,142.59690476190477,201.8787640449438
22493.84,171,127,131.5429239766082,177.1168503937008
20221.14,164,124,123.29963414634146,163.07370967741934
25457.99,163,122,156.18398773006135,208.6720491803279
17667.8,138,102,128.02753623188406,173.21372549019608
14070.26,99,73,142.12383838383838,192.74328767123288
12396.24,101,80,122.7350495049505,154.953
20973.95,117,96,179.26452991452993,218.47864583333333
24789.82,172,121,144.12686046511627,204.87454545454545
25668.65,148,109,173.43682432432433,235.49220183486239
20888.1,122,89,171.21393442622949,234.69775280898875
19755.79,108,83,182.9239814814815,238.02156626506024
21517.32,133,98,161.78436090225563,219.56448979591838
14521.63,110,87,132.01481818181819,166.91528735632184
10504.15,75,61,140.05533333333332,172.19918032786885
38021.06,274,166,138.7629927007299,229.04253012048193
25161.670000000002,169,116,148.88562130177516,216.9109482758621
21763.51,193,133,112.7643005181347,163.63541353383457
21387.73,165,120,129.62260606060605,178.23108333333332
23523.77,172,127,136.7661046511628,185.22653543307086
19896.31,137,102,145.22854014598542,195.06186274509804
19304.88,149,120,129.56295302013424,160.874
31712.98,248,176,127.87491935483871,180.18738636363636
24751.05,189,141,130.9579365079365,175.53936170212765
18122.63,166,117,109.17246987951808,154.8942735042735
32876.45,235,152,139.89978723404255,216.2924342105263
34714.44,188,131,184.6512765957447,264.9957251908397
16726.16,128,105,130.673125,159.2967619047619
31631.69,179,129,176.71335195530725,245.2068992248062
35725.83,229,158,156.00799126637554,226.11284810126583
36271.38,250,168,145.08552,215.9010714285714
36652.12,241,154,152.08348547717844,238.00077922077924
104489.22,791,312,132.09762326169405,334.90134615384613
94173.69,750,322,125.56492,292.46487577639755
39243.57,339,202,115.76274336283186,194.275099009901
42905.57,346,203,124.00453757225434,211.35748768472905
65159.85,501,250,130.05958083832334,260.63939999999997
39826.7,343,200,116.11282798833818,199.1335
27951.59,231,154,121.00255411255411,181.50383116883117
51798.28,362,209,143.08917127071823,247.83866028708132
33552.12,250,155,134.20848,216.46529032258067
24256.0,186,125,130.40860215053763,194.048
24510.92,182,128,134.67538461538462,191.4915625
55629.21,422,237,131.82277251184834,234.72240506329115
43803.51,294,172,148.9915306122449,254.67156976744187
29770.170000000002,240,142,124.042375,209.64908450704226
28491.74,225,141,126.62995555555557,202.0690780141844
24116.49,171,113,141.03210526315792,213.42026548672567
19848.94,154,106,128.88922077922078,187.2541509433962
25948.3,186,127,139.50698924731182,204.31732283464567
45834.7,349,207,131.33151862464183,221.42367149758454
30325.27,234,151,129.59517094017093,200.82960264900663
21870.43,196,138,111.58382653061224,158.4813768115942
25373.59,196,137,129.4570918367347,185.20868613138686
28746.03,156,116,184.26942307692306,247.81060344827586
18134.37,106,85,171.07896226415093,213.3455294117647
22755.88,160,109,142.22425,208.7695412844037
24782.77,220,144,112.64895454545454,172.10256944444444
31323.36,188,132,166.6136170212766,237.29818181818183
19285.32,147,97,131.1926530612245,198.8177319587629
19698.12,138,95,142.73999999999998,207.34863157894736
11902.53,113,83,105.33212389380532,143.40397590361445
6473.110000000001,52,42,124.48288461538462,154.12166666666667
7362.650000000001,68,52,108.27426470588236,141.58942307692308
17287.24,127,95,136.12,181.97094736842106
23063.18,217,124,106.28193548387097,185.9933870967742
16538.93,155,104,106.7027741935484,159.02817307692308
15045.98,154,97,97.70116883116883,155.11319587628864
10788.26,77,58,140.10727272727274,186.0044827586207
7214.96,64,45,112.73375,160.33244444444443
6404.0,56,47,114.35714285714286,136.25531914893617
20553.43,161,110,127.66105590062112,186.84936363636365
32601.5,235,146,138.72978723404256,223.29794520547946
32787.38,250,167,131.14952,196.33161676646705
29687.03,214,149,138.72443925233645,199.2418120805369
28007.760000000002,228,149,122.84105263157896,187.9715436241611
25893.41,161,113,160.82863354037266,229.14522123893806
30424.46,233,150,130.57708154506437,202.82973333333334
31363.29,240,159,130.680375,197.2533962264151
42064.24,345,195,121.92533333333333,215.71405128205126
34566.11,253,151,136.62494071146244,228.9146357615894
39668.6,259,160,153.16061776061775,247.92874999999998
33480.41,245,162,136.65473469387757,206.6691975308642
24040.41,178,129,135.0584831460674,186.35976744186047
34276.17,254,175,134.94555118110236,195.86382857142857
53421.42,377,209,141.70137931034483,255.60488038277512
35180.4,298,180,118.05503355704698,195.4466666666667
30324.510000000002,241,144,125.82784232365147,210.58687500000002
28285.28,216,138,130.95037037037036,204.96579710144925
27180.67,215,143,126.42172093023255,190.07461538461538
397.70000000000005,5,5,79.54,79.54
47946.71,404,211,118.67997524752475,227.2355924170616
37046.16,323,199,114.69399380804954,186.16160804020103
35615.590000000004,266,178,133.89319548872183,200.08758426966295
31486.87,228,156,138.10030701754386,201.83891025641026
31876.81,248,161,128.53552419354838,197.9926086956522
29820.98,183,129,162.956174863388,231.17038759689922
17387.82,122,94,142.52311475409834,184.9768085106383
29254.34,205,146,142.7040975609756,200.3721917808219
32249.49,273,173,118.13000000000001,186.41323699421966
29599.62,224,145,132.14116071428572,204.1353103448276
32101.170000000002,245,169,131.0251836734694,189.94775147928996
26401.94,219,143,120.55680365296803,184.62895104895105
24783.260000000002,212,152,116.90216981132076,163.04776315789476
26088.43,199,151,131.09763819095477,172.77105960264902
28702.69,215,137,133.50088372093023,209.50868613138684
38452.58,317,193,121.30151419558361,199.2361658031088
29332.41,252,160,116.39845238095238,183.3275625
33107.67,250,156,132.43068,212.22865384615383
29766.88,194,139,153.4375257731959,214.15021582733814
26681.1,214,142,124.67803738317757,187.8950704225352
21278.53,148,106,143.77385135135134,200.74084905660376
18281.03,177,123,103.28265536723163,148.62626016260162
19701.34,185,130,106.49372972972974,151.54876923076924
27172.79,220,160,123.51268181818182,169.8299375
38589.28,342,190,112.83415204678363,203.10147368421053
36408.12,286,185,127.3011188811189,196.80064864864866
27456.76,226,151,121.49008849557521,181.8328476821192
21091.6,180,126,117.17555555555555,167.39365079365078
23222.38,197,123,117.88010152284265,188.799837398374
37737.22,319,194,118.29849529780564,194.5217525773196
33773.29,270,169,125.08625925925926,199.8419526627219
31039.71,283,173,109.68095406360423,179.42028901734105
32446.97,258,165,125.76344961240311,196.64830303030303
28299.08,212,157,133.48622641509434,180.24891719745224
21742.6,175,124,124.24342857142857,175.34354838709677
33698.76,231,146,145.88207792207794,230.81342465753426
44469.28,360,216,123.52577777777778,205.8762962962963
45336.41,289,180,156.87339100346023,251.86894444444445
44128.42,305,190,144.68334426229507,232.25484210526315
35841.6,277,173,129.39205776173284,207.17687861271676
30689.4,249,159,123.25060240963856,193.01509433962266
27042.78,200,140,135.2139,193.1627142857143
30009.350000000002,210,145,142.90166666666667,206.96103448275863
48358.19,329,187,146.98537993920974,258.5999465240642
33355.23,263,155,126.82596958174906,215.19503225806454
29122.98,214,156,136.08869158878505,186.68576923076924
29849.38,248,143,120.36040322580645,208.7369230769231
29795.2,206,135,144.6368932038835,220.7051851851852
27685.1,188,153,147.26117021276596,180.94836601307188
26259.66,191,140,137.48513089005235,187.569
35105.07,257,165,136.59560311284048,212.758
32559.72,200,140,162.7986,232.56942857142857
39058.63,278,173,140.49866906474819,225.77242774566471
33219.15,262,178,126.79064885496184,186.6244382022472
27114.03,220,155,123.24559090909091,174.9292258064516
27412.22,178,136,154.0012359550562,201.5604411764706
35465.31,238,158,149.0139075630252,224.46398734177214
39125.26,323,198,121.1308359133127,197.60232323232324
39103.15,314,209,124.53232484076433,187.0964114832536
38808.41,266,174,145.89627819548875,223.0368390804598
31821.03,242,162,131.49185950413224,196.4261111111111
24506.83,176,139,139.2433522727273,176.3081294964029
22530.23,152,127,148.22519736842105,177.40338582677165
30178.15,223,159,135.3280269058296,189.7996855345912
35505.13,286,196,124.14381118881118,181.14862244897958
29029.33,227,150,127.88251101321586,193.5288666666667
32153.84,224,148,143.54392857142858,217.2556756756757
22669.19,177,138,128.0745197740113,164.26949275362318
25480.13,146,118,174.5214383561644,215.93330508474577
22874.11,161,115,142.07521739130436,198.9053043478261
35809.37,232,160,154.3507327586207,223.80856250000002
41188.44,302,196,136.38556291390728,210.14510204081634
36949.17,265,187,139.43083018867924,197.58914438502674
41717.39,268,183,155.66190298507462,227.96387978142076
27946.12,213,163,131.202441314554,171.44858895705522
26680.9,175,129,152.4622857142857,206.82868217054263
17695.36,149,129,118.76080536912752,137.17333333333335
29087.45,182,141,159.82115384615386,206.2939716312057
51317.19,308,210,166.61425324675326,244.36757142857144
38472.22,229,165,168.00096069868997,233.1649696969697
20406.3,152,118,134.25197368421053,172.93474576271186
48251.12,337,240,143.17839762611277,201.04633333333334
23366.93,173,127,135.06895953757225,183.9915748031496
25150.75,180,136,139.7263888888889,184.93198529411765
35198.57,224,171,157.1364732142857,205.83959064327485
41012.49,318,197,128.97009433962265,208.18522842639592
38471.61,275,191,139.89676363636363,201.42204188481676
44899.42,297,195,151.1764983164983,230.25343589743588
19034.1,113,88,168.4433628318584,216.2965909090909
132994.94,990,450,134.33832323232323,295.54431111111114
45100.85,306,208,147.38839869281045,216.8310096153846
33924.89,241,163,140.76717842323652,208.12815950920245
37853.38,265,172,142.84294339622642,220.0777906976744
29593.09,185,124,159.96264864864864,238.65395161290323
18147.69,135,113,134.42733333333334,160.59902654867255
13705.95,97,84,141.29845360824743,163.16607142857143
51008.45,406,243,125.63657635467979,209.91131687242796
30875.73,224,148,137.83808035714284,208.61979729729728
45734.23,334,208,136.92883233532936,219.87610576923078
43122.62,276,183,156.24137681159422,235.64273224043717
30988.72,231,164,134.15030303030304,188.95560975609757
11567.75,85,72,136.09117647058824,160.66319444444446
55241.13,353,242,156.49045325779036,228.26913223140494
60324.55,422,249,142.94917061611375,242.26726907630524
41050.42,336,204,122.17386904761904,201.22754901960784
49681.06,306,200,162.35640522875815,248.40529999999998
41533.81,278,186,149.40219424460432,223.30005376344084
35316.64,218,157,162.0029357798165,224.9467515923567
25784.32,175,131,147.33897142857143,196.82687022900762
41711.95,290,191,143.83431034482757,218.3871727748691
53784.44,386,233,139.3379274611399,230.83450643776825
47551.02,368,241,129.21472826086955,197.30713692946057
19267.27,126,101,152.91484126984128,190.7650495049505
58518.34,379,231,154.4019525065963,253.32614718614718
21135.77,145,120,145.76393103448277,176.13141666666667
18675.62,161,123,115.99763975155278,151.8343089430894
18424.76,131,109,140.64702290076335,169.03449541284402
34986.11,259,171,135.0815057915058,204.59713450292398
25185.02,166,121,151.71698795180723,208.1406611570248
20299.989999999998,119,101,170.5881512605042,200.98999999999998
13677.59,100,82,136.7759,166.7998780487805
21704.15,122,89,177.90286885245902,243.8668539325843
9054.92,83,76,109.09542168674699,119.14368421052632
22527.489999999998,118,98,190.91093220338982,229.87234693877548
22954.58,160,121,143.466125,189.70727272727274
23954.99,148,121,161.85804054054054,197.97512396694216
22830.53,142,113,160.77838028169012,202.04008849557522
25044.93,147,116,170.37367346938777,215.90456896551726
33109.26,164,127,201.8857317073171,260.7028346456693
25585.61,156,123,164.01032051282053,208.01308943089433
21262.07,178,131,119.44983146067416,162.30587786259542
41293.53,266,190,155.23883458646617,217.33436842105263
26694.47,218,157,122.45169724770643,170.02847133757962
37701.1,232,171,162.50474137931033,220.47426900584796
23986.69,198,144,121.14489898989898,166.5742361111111
32941.71,197,151,167.21680203045685,218.15701986754965
19244.9,142,117,135.5274647887324,164.4863247863248
40369.49,256,178,157.6933203125,226.79488764044942
49687.94,292,207,170.1641780821918,240.03835748792272
38889.56,260,194,149.57523076923076,200.46164948453608
28801.07,241,171,119.50651452282158,168.42730994152046
25806.37,188,152,137.2679255319149,169.77875
21446.71,141,116,152.10432624113474,184.88543103448276
15453.03,135,112,114.46688888888889,137.97348214285714
29321.41,213,153,137.65920187793427,191.64320261437908
40703.94,288,180,141.333125,226.133
30514.04,213,160,143.25840375586856,190.71275
27116.85,213,145,127.30915492957746,187.01275862068965
25115.26,170,132,147.73682352941177,190.2671212121212
20248.9,195,144,103.84051282051283,140.6173611111111
18295.4,168,127,108.90119047619048,144.05826771653545
31758.79,190,149,167.15152631578948,213.14624161073826
37507.93,285,193,131.60677192982456,194.34160621761657
26855.08,216,165,124.32907407407409,162.7580606060606
33312.31,254,195,131.15082677165353,170.83235897435895
23028.920000000002,196,149,117.49448979591838,154.55651006711412
18422.97,145,129,127.05496551724138,142.81372093023256
16330.89,129,110,126.5960465116279,148.46263636363636
22649.23,162,134,139.81006172839506,169.02410447761193
535.58,5,5,107.11600000000001,107.11600000000001
92983.58,697,375,133.40542324246772,247.95621333333335
23071.34,149,129,154.84120805369128,178.8475968992248
10774.4,101,83,106.67722772277227,129.81204819277107
12094.04,104,82,116.28884615384617,147.48829268292684
15681.55,119,103,131.77773109243697,152.24805825242717
21872.95,149,131,146.79832214765102,166.96908396946566
19955.41,143,112,139.54832167832168,178.17330357142856
27567.649999999998,127,93,217.06811023622046,296.42634408602146
24587.37,158,123,155.6162658227848,199.8973170731707
25156.41,149,112,168.83496644295303,224.61080357142856
17845.62,110,86,162.2329090909091,207.50720930232558
24910.9,198,147,125.81262626262627,169.46190476190478
47704.07,273,189,174.74018315018316,252.40248677248678
36983.34,299,207,123.69010033444815,178.66347826086954
37453.65,246,182,152.25060975609756,205.7892857142857
35764.35,263,177,135.9861216730038,202.05847457627118
27100.170000000002,215,165,126.0473023255814,164.24345454545457
357.69000000000005,4,4,89.42250000000001,89.42250000000001
41937.69,315,228,133.13552380952382,183.93723684210528
56169.75,368,251,152.6351902173913,223.78386454183266
33146.66,281,197,117.9596441281139,168.2571573604061
37158.49,270,186,137.62403703703703,199.77682795698922
39728.44,234,182,169.77965811965814,218.28813186813187
24614.59,163,123,151.009754601227,200.11861788617887
16408.28,112,94,146.5025,174.55617021276595
40774.14,284,203,143.57091549295774,200.85783251231527
45954.74,337,240,136.36421364985162,191.47808333333333
46740.85,331,220,141.21102719033232,212.45840909090907
42468.46,332,241,127.91704819277108,176.2176763485477
36907.13,291,203,126.82862542955326,181.80852216748767
37289.46,269,206,138.6225278810409,181.01679611650485
32710.8,235,178,139.19489361702128,183.76853932584268
51914.66,305,218,170.21200000000002,238.14064220183488
55420.2,444,286,124.82027027027026,193.77692307692305
47500.54,338,235,140.53414201183432,202.1299574468085
42216.56,298,210,141.66630872483222,201.03123809523808
34947.270000000004,251,188,139.23215139442232,185.88973404255321
26638.43,206,161,129.31276699029127,165.45608695652174
22293.46,160,137,139.334125,162.72598540145984
36933.51,259,205,142.6004247104247,180.16346341463415
46538.93,339,237,137.28297935103245,196.36679324894516
45103.87,289,210,156.06875432525953,214.78033333333335
34280.7,291,206,117.80309278350515,166.41116504854367
36701.72,292,213,125.69082191780822,172.30854460093897
27385.38,207,166,132.29652173913044,164.9721686746988
59158.55,426,283,138.86983568075118,209.04081272084807
31560.99,291,218,108.45701030927836,144.77518348623855
20912.06,183,153,114.27355191256831,136.68013071895425
16030.130000000001,146,121,109.79541095890411,132.48041322314052
15162.11,138,106,109.87036231884058,143.03877358490567
9131.79,81,75,112.73814814814816,121.75720000000001
10219.14,70,66,145.98771428571428,154.83545454545452
5726.5,64,59,89.4765625,97.05932203389831
5106.3,56,43,91.18392857142858,118.75116279069768
1987.6299999999999,15,17,132.50866666666667,116.91941176470587
145.0,1,1,145.0,145.0
